Datetime,Water Level (m)
2025-03-31 06:00:00,1.1980934
2025-03-31 07:00:00,1.1263001
2025-03-31 08:00:00,0.6847611
2025-03-31 09:00:00,0.18534441
2025-03-31 10:00:00,-0.18857543
2025-03-31 11:00:00,-0.5331049
2025-03-31 12:00:00,-0.801028
2025-03-31 13:00:00,-0.9887956
2025-03-31 14:00:00,-1.1068103
2025-03-31 15:00:00,-0.53357357
2025-03-31 16:00:00,0.23363012
2025-03-31 17:00:00,0.857503
2025-03-31 18:00:00,1.1000851
2025-03-31 19:00:00,1.0420039
2025-03-31 20:00:00,0.5948663
2025-03-31 21:00:00,0.12078342
2025-03-31 22:00:00,-0.2679859
2025-03-31 23:00:00,-0.5874402
2025-04-01 00:00:00,-0.86376137
2025-04-01 01:00:00,-1.0594263
2025-04-01 02:00:00,-1.2187858
2025-04-01 03:00:00,-0.7990527
2025-04-01 04:00:00,-0.13921787
2025-04-01 05:00:00,0.62215084
2025-04-01 06:00:00,1.0608102
2025-04-01 07:00:00,1.2098347
2025-04-01 08:00:00,0.98477805
2025-04-01 09:00:00,0.4806191
2025-04-01 10:00:00,0.035031583
2025-04-01 11:00:00,-0.32800585
2025-04-01 12:00:00,-0.61975265
2025-04-01 13:00:00,-0.86522144
2025-04-01 14:00:00,-1.0230713
2025-04-01 15:00:00,-0.80594367
2025-04-01 16:00:00,-0.22434467
2025-04-01 17:00:00,0.39569536
2025-04-01 18:00:00,0.81824666
2025-04-01 19:00:00,0.95948696
2025-04-01 20:00:00,0.79592216
2025-04-01 21:00:00,0.33864993
2025-04-01 22:00:00,-0.07691336
2025-04-01 23:00:00,-0.42002976
2025-04-02 00:00:00,-0.71483475
2025-04-02 01:00:00,-0.9201428
2025-04-02 02:00:00,-1.1182365
2025-04-02 03:00:00,-1.1294141
2025-04-02 04:00:00,-0.6020579
2025-04-02 05:00:00,0.11589971
2025-04-02 06:00:00,0.6974494
2025-04-02 07:00:00,0.9872112
2025-04-02 08:00:00,1.032858
2025-04-02 09:00:00,0.72878623
2025-04-02 10:00:00,0.26591858
2025-04-02 11:00:00,-0.10002907
2025-04-02 12:00:00,-0.41559952
2025-04-02 13:00:00,-0.67348427
2025-04-02 14:00:00,-0.8749611
2025-04-02 15:00:00,-0.97983044
2025-04-02 16:00:00,-0.5978646
2025-04-02 17:00:00,-0.037631623
2025-04-02 18:00:00,0.4157088
2025-04-02 19:00:00,0.6451578
2025-04-02 20:00:00,0.6835247
2025-04-02 21:00:00,0.4449423
2025-04-02 22:00:00,0.057868313
2025-04-02 23:00:00,-0.2906643
2025-04-03 00:00:00,-0.5823957
2025-04-03 01:00:00,-0.8334369
2025-04-03 02:00:00,-1.0245498
2025-04-03 03:00:00,-1.1410241
2025-04-03 04:00:00,-0.820002
2025-04-03 05:00:00,-0.33581254
2025-04-03 06:00:00,0.25169018
2025-04-03 07:00:00,0.6666596
2025-04-03 08:00:00,0.81401896
2025-04-03 09:00:00,0.7871489
2025-04-03 10:00:00,0.48576662
2025-04-03 11:00:00,0.111123696
2025-04-03 12:00:00,-0.20899506
2025-04-03 13:00:00,-0.4638295
2025-04-03 14:00:00,-0.6746357
2025-04-03 15:00:00,-0.80204713
2025-04-03 16:00:00,-0.75752
2025-04-03 17:00:00,-0.38241458
2025-04-03 18:00:00,0.04022457
2025-04-03 19:00:00,0.35279015
2025-04-03 20:00:00,0.44587833
2025-04-03 21:00:00,0.4331834
2025-04-03 22:00:00,0.2178942
2025-04-03 23:00:00,-0.08945368
2025-04-04 00:00:00,-0.3850914
2025-04-04 01:00:00,-0.629607
2025-04-04 02:00:00,-0.82934433
2025-04-04 03:00:00,-0.980776
2025-04-04 04:00:00,-0.90932095
2025-04-04 05:00:00,-0.5434087
2025-04-04 06:00:00,-0.07153932
2025-04-04 07:00:00,0.31624904
2025-04-04 08:00:00,0.5308744
2025-04-04 09:00:00,0.6040878
2025-04-04 10:00:00,0.5439828
2025-04-04 11:00:00,0.31533533
2025-04-04 12:00:00,0.048181545
2025-04-04 13:00:00,-0.20267555
2025-04-04 14:00:00,-0.39741758
2025-04-04 15:00:00,-0.54329556
2025-04-04 16:00:00,-0.6303334
2025-04-04 17:00:00,-0.55536854
2025-04-04 18:00:00,-0.26619586
2025-04-04 19:00:00,0.017445149
2025-04-04 20:00:00,0.21840487
2025-04-04 21:00:00,0.29995933
2025-04-04 22:00:00,0.23681481
2025-04-04 23:00:00,0.056165975
2025-04-05 00:00:00,-0.16923347
2025-04-05 01:00:00,-0.38668373
2025-04-05 02:00:00,-0.5779713
2025-04-05 03:00:00,-0.7141235
2025-04-05 04:00:00,-0.78143156
2025-04-05 05:00:00,-0.6677589
2025-04-05 06:00:00,-0.38533434
2025-04-05 07:00:00,-0.05616503
2025-04-05 08:00:00,0.23649837
2025-04-05 09:00:00,0.40892413
2025-04-05 10:00:00,0.46401983
2025-04-05 11:00:00,0.45249248
2025-04-05 12:00:00,0.32674754
2025-04-05 13:00:00,0.1161116
2025-04-05 14:00:00,-0.103439294
2025-04-05 15:00:00,-0.29505163
2025-04-05 16:00:00,-0.4404466
2025-04-05 17:00:00,-0.5158632
2025-04-05 18:00:00,-0.50302655
2025-04-05 19:00:00,-0.37157288
2025-04-05 20:00:00,-0.1559616
2025-04-05 21:00:00,0.013884593
2025-04-05 22:00:00,0.09812419
2025-04-05 23:00:00,0.10132029
2025-04-06 00:00:00,0.0505526
2025-04-06 01:00:00,-0.039776295
2025-04-06 02:00:00,-0.18200667
2025-04-06 03:00:00,-0.34506217
2025-04-06 04:00:00,-0.4899496
2025-04-06 05:00:00,-0.56893796
2025-04-06 06:00:00,-0.564786
